set,image,prompt_id,seed,prompt,lora_loaded,lora_scale,prompt_adherence,style_ref_mean,style_ref_top3,nearest_reference,nearest_train_sim,nearest_train_image
lora,outputs/generated/lora/krishna_arjuna_seed42.png,krishna_arjuna,42,"<rvvarma>, mythological Indian scene with Krishna and Arjuna, dramatic composition, traditional clothing, classical Indian oil painting",True,1.0,0.2707,0.6819,0.752,0123.jpg,0.8447,0022.jpg
lora,outputs/generated/lora/krishna_arjuna_seed43.png,krishna_arjuna,43,"<rvvarma>, mythological Indian scene with Krishna and Arjuna, dramatic composition, traditional clothing, classical Indian oil painting",True,1.0,0.2832,0.6367,0.7162,0140.jpg,0.81,0130.jpg
lora,outputs/generated/lora/krishna_arjuna_seed44.png,krishna_arjuna,44,"<rvvarma>, mythological Indian scene with Krishna and Arjuna, dramatic composition, traditional clothing, classical Indian oil painting",True,1.0,0.283,0.7145,0.7774,0140.jpg,0.8837,0136.jpg
lora,outputs/generated/lora/mythological_landscape_seed42.png,mythological_landscape,42,"<rvvarma>, Indian mythological scene in a lush landscape, multiple characters, traditional clothing, detailed classical oil painting",True,1.0,0.3347,0.6694,0.7307,0089.jpg,0.8074,0139.jpg
lora,outputs/generated/lora/mythological_landscape_seed43.png,mythological_landscape,43,"<rvvarma>, Indian mythological scene in a lush landscape, multiple characters, traditional clothing, detailed classical oil painting",True,1.0,0.3704,0.6803,0.7374,0236.jpg,0.8283,0148.jpg
lora,outputs/generated/lora/mythological_landscape_seed44.png,mythological_landscape,44,"<rvvarma>, Indian mythological scene in a lush landscape, multiple characters, traditional clothing, detailed classical oil painting",True,1.0,0.3065,0.6605,0.7265,0236.jpg,0.8247,0136.jpg
lora,outputs/generated/lora/royal_portrait_seed42.png,royal_portrait,42,"<rvvarma>, royal Indian portrait, elaborate textile details, jewelry, realistic human proportions, classical oil painting",True,1.0,0.2925,0.6489,0.7096,0123.jpg,0.7944,0022.jpg
lora,outputs/generated/lora/royal_portrait_seed43.png,royal_portrait,43,"<rvvarma>, royal Indian portrait, elaborate textile details, jewelry, realistic human proportions, classical oil painting",True,1.0,0.2983,0.6413,0.7074,0123.jpg,0.7586,0136.jpg
lora,outputs/generated/lora/royal_portrait_seed44.png,royal_portrait,44,"<rvvarma>, royal Indian portrait, elaborate textile details, jewelry, realistic human proportions, classical oil painting",True,1.0,0.3072,0.6775,0.7496,0123.jpg,0.8425,0022.jpg
lora,outputs/generated/lora/royal_woman_palace_seed42.png,royal_woman_palace,42,"<rvvarma>, royal Indian woman in traditional attire, ornate jewelry, standing in an elegant palace interior, classical oil painting",True,1.0,0.3677,0.738,0.8225,0225.jpg,0.8559,0235.jpg
lora,outputs/generated/lora/royal_woman_palace_seed43.png,royal_woman_palace,43,"<rvvarma>, royal Indian woman in traditional attire, ornate jewelry, standing in an elegant palace interior, classical oil painting",True,1.0,0.3347,0.7011,0.761,0083.jpg,0.8125,0209.jpg
lora,outputs/generated/lora/royal_woman_palace_seed44.png,royal_woman_palace,44,"<rvvarma>, royal Indian woman in traditional attire, ornate jewelry, standing in an elegant palace interior, classical oil painting",True,1.0,0.3241,0.6553,0.7072,0189.jpg,0.7897,0206.jpg
lora,outputs/generated/lora/woman_by_window_seed42.png,woman_by_window,42,"<rvvarma>, Indian woman seated beside a window, traditional sari and jewelry, soft natural lighting, detailed classical oil painting",True,1.0,0.3218,0.7239,0.7818,0189.jpg,0.8716,0108.jpg
lora,outputs/generated/lora/woman_by_window_seed43.png,woman_by_window,43,"<rvvarma>, Indian woman seated beside a window, traditional sari and jewelry, soft natural lighting, detailed classical oil painting",True,1.0,0.3304,0.6975,0.7587,0083.jpg,0.8493,0108.jpg
lora,outputs/generated/lora/woman_by_window_seed44.png,woman_by_window,44,"<rvvarma>, Indian woman seated beside a window, traditional sari and jewelry, soft natural lighting, detailed classical oil painting",True,1.0,0.3271,0.6804,0.7586,0150.jpg,0.8464,0108.jpg
baseline,outputs/generated/baseline/krishna_arjuna_seed42.png,krishna_arjuna,42,"<rvvarma>, mythological Indian scene with Krishna and Arjuna, dramatic composition, traditional clothing, classical Indian oil painting",False,1.0,0.2969,0.6931,0.7577,0089.jpg,0.8533,0136.jpg
baseline,outputs/generated/baseline/krishna_arjuna_seed43.png,krishna_arjuna,43,"<rvvarma>, mythological Indian scene with Krishna and Arjuna, dramatic composition, traditional clothing, classical Indian oil painting",False,1.0,0.3044,0.6799,0.7342,0089.jpg,0.8566,0102.jpg
baseline,outputs/generated/baseline/krishna_arjuna_seed44.png,krishna_arjuna,44,"<rvvarma>, mythological Indian scene with Krishna and Arjuna, dramatic composition, traditional clothing, classical Indian oil painting",False,1.0,0.2938,0.6963,0.77,0089.jpg,0.8647,0136.jpg
baseline,outputs/generated/baseline/mythological_landscape_seed42.png,mythological_landscape,42,"<rvvarma>, Indian mythological scene in a lush landscape, multiple characters, traditional clothing, detailed classical oil painting",False,1.0,0.3414,0.7155,0.78,0089.jpg,0.8675,0102.jpg
baseline,outputs/generated/baseline/mythological_landscape_seed43.png,mythological_landscape,43,"<rvvarma>, Indian mythological scene in a lush landscape, multiple characters, traditional clothing, detailed classical oil painting",False,1.0,0.3785,0.693,0.7523,0236.jpg,0.8395,0002.jpg
baseline,outputs/generated/baseline/mythological_landscape_seed44.png,mythological_landscape,44,"<rvvarma>, Indian mythological scene in a lush landscape, multiple characters, traditional clothing, detailed classical oil painting",False,1.0,0.3727,0.6676,0.7154,0236.jpg,0.7811,0002.jpg
baseline,outputs/generated/baseline/royal_portrait_seed42.png,royal_portrait,42,"<rvvarma>, royal Indian portrait, elaborate textile details, jewelry, realistic human proportions, classical oil painting",False,1.0,0.3312,0.6679,0.7383,0083.jpg,0.8185,0021.jpg
baseline,outputs/generated/baseline/royal_portrait_seed43.png,royal_portrait,43,"<rvvarma>, royal Indian portrait, elaborate textile details, jewelry, realistic human proportions, classical oil painting",False,1.0,0.3188,0.7052,0.7622,0083.jpg,0.8486,0206.jpg
baseline,outputs/generated/baseline/royal_portrait_seed44.png,royal_portrait,44,"<rvvarma>, royal Indian portrait, elaborate textile details, jewelry, realistic human proportions, classical oil painting",False,1.0,0.3097,0.689,0.7548,0083.jpg,0.8367,0206.jpg
baseline,outputs/generated/baseline/royal_woman_palace_seed42.png,royal_woman_palace,42,"<rvvarma>, royal Indian woman in traditional attire, ornate jewelry, standing in an elegant palace interior, classical oil painting",False,1.0,0.3482,0.6711,0.7345,0225.jpg,0.8084,0206.jpg
baseline,outputs/generated/baseline/royal_woman_palace_seed43.png,royal_woman_palace,43,"<rvvarma>, royal Indian woman in traditional attire, ornate jewelry, standing in an elegant palace interior, classical oil painting",False,1.0,0.3261,0.6454,0.7122,0083.jpg,0.8039,0206.jpg
baseline,outputs/generated/baseline/royal_woman_palace_seed44.png,royal_woman_palace,44,"<rvvarma>, royal Indian woman in traditional attire, ornate jewelry, standing in an elegant palace interior, classical oil painting",False,1.0,0.3214,0.5658,0.6319,0225.jpg,0.7298,0206.jpg
baseline,outputs/generated/baseline/woman_by_window_seed42.png,woman_by_window,42,"<rvvarma>, Indian woman seated beside a window, traditional sari and jewelry, soft natural lighting, detailed classical oil painting",False,1.0,0.2916,0.575,0.6597,0150.jpg,0.7446,0206.jpg
baseline,outputs/generated/baseline/woman_by_window_seed43.png,woman_by_window,43,"<rvvarma>, Indian woman seated beside a window, traditional sari and jewelry, soft natural lighting, detailed classical oil painting",False,1.0,0.3701,0.6915,0.7694,0189.jpg,0.8429,0206.jpg
baseline,outputs/generated/baseline/woman_by_window_seed44.png,woman_by_window,44,"<rvvarma>, Indian woman seated beside a window, traditional sari and jewelry, soft natural lighting, detailed classical oil painting",False,1.0,0.3093,0.6766,0.7414,0083.jpg,0.8233,0108.jpg
