image,set,prompt_id,seed,visual_quality_1to5,anatomy_1to5,style_consistency_1to5,prompt_adherence_1to5,notes
krishna_arjuna_seed42.png,lora,krishna_arjuna,42,,,,,
krishna_arjuna_seed43.png,lora,krishna_arjuna,43,,,,,
krishna_arjuna_seed44.png,lora,krishna_arjuna,44,,,,,
mythological_landscape_seed42.png,lora,mythological_landscape,42,,,,,
mythological_landscape_seed43.png,lora,mythological_landscape,43,,,,,
mythological_landscape_seed44.png,lora,mythological_landscape,44,,,,,
royal_portrait_seed42.png,lora,royal_portrait,42,,,,,
royal_portrait_seed43.png,lora,royal_portrait,43,,,,,
royal_portrait_seed44.png,lora,royal_portrait,44,,,,,
royal_woman_palace_seed42.png,lora,royal_woman_palace,42,,,,,
royal_woman_palace_seed43.png,lora,royal_woman_palace,43,,,,,
royal_woman_palace_seed44.png,lora,royal_woman_palace,44,,,,,
woman_by_window_seed42.png,lora,woman_by_window,42,,,,,
woman_by_window_seed43.png,lora,woman_by_window,43,,,,,
woman_by_window_seed44.png,lora,woman_by_window,44,,,,,
krishna_arjuna_seed42.png,baseline,krishna_arjuna,42,,,,,
krishna_arjuna_seed43.png,baseline,krishna_arjuna,43,,,,,
krishna_arjuna_seed44.png,baseline,krishna_arjuna,44,,,,,
mythological_landscape_seed42.png,baseline,mythological_landscape,42,,,,,
mythological_landscape_seed43.png,baseline,mythological_landscape,43,,,,,
mythological_landscape_seed44.png,baseline,mythological_landscape,44,,,,,
royal_portrait_seed42.png,baseline,royal_portrait,42,,,,,
royal_portrait_seed43.png,baseline,royal_portrait,43,,,,,
royal_portrait_seed44.png,baseline,royal_portrait,44,,,,,
royal_woman_palace_seed42.png,baseline,royal_woman_palace,42,,,,,
royal_woman_palace_seed43.png,baseline,royal_woman_palace,43,,,,,
royal_woman_palace_seed44.png,baseline,royal_woman_palace,44,,,,,
woman_by_window_seed42.png,baseline,woman_by_window,42,,,,,
woman_by_window_seed43.png,baseline,woman_by_window,43,,,,,
woman_by_window_seed44.png,baseline,woman_by_window,44,,,,,
